trial_id,name_of_sponsor,normalized_name_only,normalized_name
2017-001050-33,4SC AG,4SC AG,4SC AG
2016-003709-33,AIO-Studien-gGmbH,AIO-Studien-gGmbh,AIO-Studien-gGmbh
2016-003963-20,AIO-Studien-gGmbH,AIO-Studien-gGmbh,AIO-Studien-gGmbh
2016-004750-15,AIO-Studien-gGmbH,AIO-Studien-gGmbh,AIO-Studien-gGmbh
2017-000105-20,AIO-Studien-gGmbH,AIO-Studien-gGmbh,AIO-Studien-gGmbh
2004-001316-31,"ALK-ABELLO, S.A.",ALK-Abelló A/S,ALK-Abelló A/S
2012-005398-30,AZIENDA OSPEDALIERA OSPEDALI GALLIERA,AO Ospedali Galliera,AO Ospedali Galliera
2012-002120-33,AZIENDA SANITARIA OSPEDALIERA O.I.R.M. - S. ANNA,AO Santa Anna,AO Santa Anna
2008-005773-35,AZIENDA OSPEDALIERA DI PADOVA,AO di Padova,AO di Padova
2013-004955-19,Azienda Ospedaliera di Padova,AO di Padova,AO di Padova
2004-002231-92,"ARIAD Pharmaceuticals, Inc.","ARIAD Pharmaceuticals, Inc.","ARIAD Pharmaceuticals, Inc."
2017-001189-98,Aarhus Universitet,Aarhus University,Aarhus University
2017-001206-16,Aarhus University hospital,Aarhus University,Aarhus University
2017-000431-14,AbbVie Deutschland GmbH & Co. KG,Abbvie,Abbott/Abbvie
2017-000937-30,ABIVAX,Abivax,Abivax
2016-003437-18,ACADIA Pharmaceuticals Inc.,Acadia Pharmaceuticals Inc,Acadia Pharmaceuticals Inc
2017-000216-42,Actelion Pharmaceuticals Ltd,Actelion Pharmaceuticals Ltd,Johnson & Johnson
2016-004719-10,Actelion Pharmaceuticals Ltd.,Actelion Pharmaceuticals Ltd,Johnson & Johnson
2017-001615-36,Affibody AB,Affibody AB,Affibody AB
2017-002689-30,Alcon Research Ltd,Alcon,Novartis
2017-002726-20,Alcon Research Ltd,Alcon,Novartis
2017-002729-39,Alcon Research Ltd,Alcon,Novartis
2017-002730-23,Alcon Research Ltd,Alcon,Novartis
2017-002732-17,Alcon Research Ltd,Alcon,Novartis
2017-003846-26,Alcon Research Ltd,Alcon,Novartis
2017-003856-22,Alcon Research Ltd,Alcon,Novartis
2017-003953-41,Alcon Research Ltd,Alcon,Novartis
2017-003970-16,Alcon Research Ltd,Alcon,Novartis
2017-002432-17,"Alnylam Pharmaceuticals, Inc.",Alnylam Pharmaceuticals Inc,Alnylam Pharmaceuticals Inc
2008-001721-34,Amgen Inc,Amgen Inc,Amgen Inc
2016-003255-30,Amgen Inc.,Amgen Inc,Amgen Inc
2017-002659-28,Amgen Inc.,Amgen Inc,Amgen Inc
2017-003778-15,Amgen Inc.,Amgen Inc,Amgen Inc
2016-001852-23,NKI-AVL,Antoni van Leeuwenhoek Hospital,Antoni van Leeuwenhoek Hospital
2017-001428-23,NKI-AVL,Antoni van Leeuwenhoek Hospital,Antoni van Leeuwenhoek Hospital
2016-002349-50,Netherlands Cancer Institute- Antoni van Leeuwenhoek Hospital (NKI-AVL),Antoni van Leeuwenhoek Hospital,Antoni van Leeuwenhoek Hospital
2017-002333-40,argenx BVBA,Argenx BVBA,Argenx BVBA
2011-000882-11,A.R.T.I.C. (Association pour la Recherche de Thérapeutiques Innovantes en Cancérologie ),Association pour la Recherche de Thérapeutiques Innovantes en Cancérologie (ARTIC),Association pour la Recherche de Thérapeutiques Innovantes en Cancérologie (ARTIC)
2016-004232-37,AstraZeneca AB,Astrazeneca,Astrazeneca
2017-000838-64,AstraZeneca AB,Astrazeneca,Astrazeneca
2017-001040-35,AstraZeneca AB,Astrazeneca,Astrazeneca
2017-001582-25,AstraZeneca AB,Astrazeneca,Astrazeneca
2017-001902-14,"MedImmune LLC, a wholly owned subsidiary of AstraZeneca PLC",Astrazeneca,Astrazeneca
2016-000323-43,"MedImmune, LLC, a wholly-owned subsidiary of AstraZeneca PLC",Astrazeneca,Astrazeneca
2016-005166-58,Auris Medical Inc.,Auris Medical AG,Auris Medical AG
2017-001605-32,Basilea Pharmaceutica International Ltd,Basilea Pharmaceutica Ltd,Basilea Pharmaceutica Ltd
2017-000244-18,Bayer AG,Bayer,Bayer
2004-000642-21,BioMarin Pharmaceutical Inc.,BioMarin Pharmaceutical Inc,BioMarin Pharmaceutical Inc
2015-001496-48,BIOCODEX,Biocodex,Biocodex
2017-001224-22,Biogen Idec Research Limited,Biogen,Biogen
2017-000278-13,BIOPROJET PHARMA,Bioprojet Pharma,Bioprojet Pharma
2010-020810-27,Laboratoires BOIRON,Boiron,Boiron
2013-002785-39,Laboratoires BOIRON,Boiron,Boiron
2017-001725-40,Bristol-Myers Squibb International Corporation,Bristol-Myers Squibb,Bristol-Myers Squibb
2017-002499-14,Bristol-Myers Squibb International Corporation,Bristol-Myers Squibb,Bristol-Myers Squibb
2017-002672-38,Bristol-Myers Squibb International Corporation,Bristol-Myers Squibb,Bristol-Myers Squibb
2011-003216-23,CHRU MONTPELLIER,CHRU Montpellier,CHRU Montpellier
2016-003658-34,University Hospital of Montpellier,CHRU Montpellier,CHRU Montpellier
2016-001807-22,uh Montpellier,CHRU Montpellier,CHRU Montpellier
2015-005389-51,CHRU DE BREST,CHRU de Brest,CHRU de Brest
2017-002433-31,CHRU de BREST,CHRU de Brest,CHRU de Brest
2014-003882-10,CHRU de Lille,CHRU de Lille,CHRU de Lille
2014-000791-26,CHRU TOURS,CHRU de Tours,CHRU de Tours
2011-006268-27,CHU  - Hôpitaux de Rouen,CHU Hôpitaux de Rouen,CHU Hôpitaux de Rouen
2011-006209-83,CHU - Hôpitaux de Rouen,CHU Hôpitaux de Rouen,CHU Hôpitaux de Rouen
2013-000029-29,Centre Hospitalier Régional Universitaire de Besancon,CHU de Besançon,CHU de Besançon
2016-003917-83,CHU de DIJON,CHU de Dijon,CHU de Dijon
2009-017274-20,Centre Hospitalier Universitaire de GRENOBLE,CHU de Grenoble,CHU de Grenoble
2014-000848-14,Centre Hospitalier Universitaire de Grenoble,CHU de Grenoble,CHU de Grenoble
2015-003119-39,Centre Hospitalier Universitaire de Grenoble,CHU de Grenoble,CHU de Grenoble
2013-000014-38,University Hospital Grenoble,CHU de Grenoble,CHU de Grenoble
2013-001665-16,University Hospital Grenoble,CHU de Grenoble,CHU de Grenoble
2014-002044-41,University Hospital of Grenoble,CHU de Grenoble,CHU de Grenoble
2011-002213-12,CHU de Limoges,CHU de Limoges,CHU de Limoges
2009-017803-27,CHU DE NANCY,CHU de Nancy,CHU de Nancy
2011-003063-30,CHU Nantes,CHU de Nantes,CHU de Nantes
2011-004764-30,CHU Nantes,CHU de Nantes,CHU de Nantes
2010-024428-10,CHU de NICE,CHU de Nice,CHU de Nice
2010-022440-20,CHU de Nice,CHU de Nice,CHU de Nice
2012-004546-15,CHU de Nice,CHU de Nice,CHU de Nice
2015-000060-34,CHU de Nîmes,CHU de Nîmes,CHU de Nîmes
2010-023410-31,CHU DE POITIERS,CHU de Poitiers,CHU de Poitiers
2014-005026-35,Centre Hospitalier Universitaire de Rennes,CHU de Rennes,CHU de Rennes
2010-022370-14,Centre Hospitalier de Toulouse,CHU de Toulouse,CHU de Toulouse
2014-001169-28,Centre Hospitalier de Toulouse,CHU de Toulouse,CHU de Toulouse
2011-003591-37,Cardiff University,Cardiff Univeristy,Cardiff Univeristy
2015-003225-33,Celgene Corporation,Celgene,Celgene
2009-014885-25,Centre Hospitalier Intercommunal de Créteil,Centre Hospitalier Intercommunal de Créteil,Centre Hospitalier Intercommunal de Créteil
2010-023461-22,CENTRE LEON BERARD,Centre Léon Bérard,Centre Léon Bérard
2017-000058-21,"Charité – Universitätsmedizin Berlin, Campus Benjamin Franklin",Charité-Universitätsmedizin Berlin,Charité-Universitätsmedizin Berlin
2006-006867-22,University Hospital Motol,Charles University,Charles University
2017-001821-42,"ChemoCentryx, Inc.","ChemoCentryx, Inc","ChemoCentryx, Inc"
2017-000438-79,Chiesi Farmaceutici S.p.A.,Chiesi Farmaceutici S.p.A,Chiesi Farmaceutici S.p.A
2017-002541-29,Clementia Pharmaceuticals Inc,Clementia Pharmaceuticals Inc.,Clementia Pharmaceuticals Inc.
2017-002975-25,Bispebjerg Hospital,Copenhagen University and Hospitals,Copenhagen University and Hospitals
2017-002179-24,Center for Cancer Immune Therapy,Copenhagen University and Hospitals,Copenhagen University and Hospitals
2017-002323-25,Center for cancer immune therapy,Copenhagen University and Hospitals,Copenhagen University and Hospitals
2017-002280-18,Nordsjællands Hospital Hillerød,Copenhagen University and Hospitals,Copenhagen University and Hospitals
2017-002512-14,Rigshospitalet,Copenhagen University and Hospitals,Copenhagen University and Hospitals
2017-002276-37,"Rigshospitalet, Department of Clinical Physiology, Nuclear Medicine & PET",Copenhagen University and Hospitals,Copenhagen University and Hospitals
2017-002312-13,"Rigshospitalet, Department of Clinical Physiology, Nuclear Medicine and PET",Copenhagen University and Hospitals,Copenhagen University and Hospitals
2011-003621-10,INSTITUT CURIE,Curie Institute,Curie Institute
2016-000981-46,INSTITUT CURIE,Curie Institute,Curie Institute
2017-000625-12,"CytomX Therapeutics, Inc","CytomX Therapeutics, Inc","CytomX Therapeutics, Inc"
2014-001585-98,"Delcath Systems, Inc","Delcath Systems, Ltd","Delcath Systems, Ltd"
2016-000712-15,Dermapharm AG,Dermapharm AG,Dermapharm AG
2017-003423-30,Dutch Growth Research Foundation,Dutch Growth Research Foundation,Dutch Growth Research Foundation
2010-022716-39,Dyax Corp.,Dyax Corp.,Shire
2010-020204-30,Eisai Limited,Eisai Inc.,Eisai Inc.
2017-000300-26,Eisai Ltd.,Eisai Inc.,Eisai Inc.
2017-000870-12,Eli Lilly and Company,Eli Lilly,Eli Lilly
2017-000871-10,Eli Lilly and Company,Eli Lilly,Eli Lilly
2017-000873-35,Eli Lilly and Company,Eli Lilly,Eli Lilly
2006-005346-37,Eli Lilly and Company Limited,Eli Lilly,Eli Lilly
2016-000686-23,Erasmus MC,Erasmus University,Erasmus University
2017-002470-40,Erasmus MC Cancer Institute,Erasmus University,Erasmus University
2013-002189-38,Erasmus Medical Center,Erasmus University,Erasmus University
2010-023533-34,EREMPHARMA SAS,Erempharma SAS,Erempharma SAS
2017-002652-81,Eske Kvanner Aasvang,Eske Kvanner Aasvang,Eske Kvanner Aasvang
2017-000086-74,European Organisation for Research and Treatment of Cancer,European Organisation for the Research and Treatment of Cancer (EORTC),European Organisation for the Research and Treatment of Cancer (EORTC)
2016-001834-82,European Organisation for Research and Treatment of Cancer (EORTC),European Organisation for the Research and Treatment of Cancer (EORTC),European Organisation for the Research and Treatment of Cancer (EORTC)
2016-004334-17,European Organisation for Research and Treatment of Cancer (EORTC),European Organisation for the Research and Treatment of Cancer (EORTC),European Organisation for the Research and Treatment of Cancer (EORTC)
2016-002062-31,ETOP (European Thoracic Oncology Platform),European Thoracic Oncology Platform (ETOP),European Thoracic Oncology Platform (ETOP)
2016-004017-27,European Uro-Oncology Group (EUOG),European Uro-Oncology Group (EUOG),European Uro-Oncology Group (EUOG)
2017-000808-22,Ferring Pharmaceuticals A/S,Ferring Pharmaceuticals,Ferring Pharmaceuticals
2017-001773-17,"FibroGen, Inc.","FibroGen, Inc.","FibroGen, Inc."
2017-001333-88,"Foresee Pharmaceuticals Co., Ltd.","Foresee Pharmaceuticals Co., Ltd.","Foresee Pharmaceuticals Co., Ltd."
2009-012604-92,Fresenius Kabi Deutschland GmbH,Fresenius,Fresenius
2007-001548-36,University of Jena,Friedrich Schiller University Jena,Friedrich Schiller University Jena
2017-001430-25,Fundación Pública Andaluza Progreso y Salud,Fundacion Progreso y Salud,Fundacion Progreso y Salud
2017-000985-31,Fundació Clinic per a la Recerca Biomédica,Fundació Clínic per a la Recerca Biomèdica,Fundació Clínic per a la Recerca Biomèdica
2017-000986-60,Fundació Clinic per a la Recerca Biomédica,Fundació Clínic per a la Recerca Biomèdica,Fundació Clínic per a la Recerca Biomèdica
2017-002914-30,FIMABIS,Fundación Pública Andaluza para la Investigación de Málaga en Biomedicina y Salud (FIMABIS),Fundación Pública Andaluza para la Investigación de Málaga en Biomedicina y Salud (FIMABIS)
2016-001668-13,GE Healthcare Ltd. and its Affiliates,GE Healthcare,GE Healthcare
2017-002181-42,Galapagos NV,Galápagos NV,Galápagos NV
2009-011152-22,GENETHON,Genethon,Genethon
2017-000506-37,Genethon,Genethon,Genethon
2017-000308-17,"Gilead Sciences, Inc.",Gilead Sciences Inc,Gilead Sciences Inc
2017-003956-22,"Gilead Sciences, Inc.",Gilead Sciences Inc,Gilead Sciences Inc
2004-004248-37,GlaxoSmithKline Biologicals,GlaxoSmithKline,GlaxoSmithKline
2006-005891-41,GlaxoSmithKline Biologicals,GlaxoSmithKline,GlaxoSmithKline
2010-019253-18,GlaxoSmithKline Biologicals,GlaxoSmithKline,GlaxoSmithKline
2016-000290-20,GlaxoSmithKline Biologicals,GlaxoSmithKline,GlaxoSmithKline
2017-000166-30,GlaxoSmithKline Biologicals,GlaxoSmithKline,GlaxoSmithKline
2017-000458-20,GlaxoSmithKline Biologicals,GlaxoSmithKline,GlaxoSmithKline
2017-001356-59,GlaxoSmithKline Biologicals,GlaxoSmithKline,GlaxoSmithKline
2017-001584-20,GlaxoSmithKline Biologicals,GlaxoSmithKline,GlaxoSmithKline
2017-001607-80,GlaxoSmithKline Biologicals,GlaxoSmithKline,GlaxoSmithKline
2017-001608-32,GlaxoSmithKline Biologicals,GlaxoSmithKline,GlaxoSmithKline
2013-004158-81,GlaxoSmithKline GmbH & Co. KG,GlaxoSmithKline,GlaxoSmithKline
2017-001575-23,GlaxoSmithKline KK,GlaxoSmithKline,GlaxoSmithKline
2016-004086-87,GlaxoSmithKline Research & Development Limited,GlaxoSmithKline,GlaxoSmithKline
2017-001574-42,GlaxoSmithKline Research & Development Ltd,GlaxoSmithKline,GlaxoSmithKline
2004-001223-37,GlaxoSmithKline S.A.,GlaxoSmithKline,GlaxoSmithKline
2017-000880-34,GlaxoSmithKline S.A.,GlaxoSmithKline,GlaxoSmithKline
2017-001074-42,"GlaxoSmithKline, S.A.",GlaxoSmithKline,GlaxoSmithKline
2016-004446-29,Goethe-Universität Frankfurt,Goethe University,Goethe University
2016-002728-94,Sahlgrenska University Hospital,Gothenburg University,Gothenburg University
2017-001499-43,Sahlgrenska University Hospital,Gothenburg University,Gothenburg University
2017-000862-31,Grupo Español de Trasplante Hematopoyético y Terapia Celular (GETH),Grupo Español De Trasplantes Hemotopoyeticos Y Terapia Celular (GETH),Grupo Español De Trasplantes Hemotopoyeticos Y Terapia Celular (GETH)
2016-001170-15,GETECCU (Grupo Español de Trabajo en Enfermedad de Crohn y Colitis ulcerosa),Grupo Español de Trabajo en Enfermedad de Crohn y Colitis Ulcerosa (GETECCU),Grupo Español de Trabajo en Enfermedad de Crohn y Colitis Ulcerosa (GETECCU)
2016-001211-21,HOVON Foundation,HOVON Foundation,HOVON Foundation
2016-005100-26,Hannover Medical School,Hannover Medical School,Hannover Medical School
2017-000403-24,Hannover Medical School,Hannover Medical School,Hannover Medical School
2010-022866-28,Hospices Civils de Lyon,Hospices Civils de Lyon,Hospices Civils de Lyon
2010-023686-22,Hospices Civils de Lyon,Hospices Civils de Lyon,Hospices Civils de Lyon
2017-001327-45,Hospices Civils de Lyon,Hospices Civils de Lyon,Hospices Civils de Lyon
2017-001905-33,Fundació Sant Joan de Déu,Hospital Sant Joan de Deu,Hospital Sant Joan de Deu
2015-004656-22,Institut de Recerca HSCSP,Hospital de la Santa Creu i Sant Pau,Hospital de la Santa Creu i Sant Pau
2010-021792-81,ASSISTANCE PUBLIQUE HOPITAUX DE MARSEILLE,Hospitals of Marseille,Hospitals of Marseille
2014-003023-22,ASSISTANCE PUBLIQUE HOPITAUX DE MARSEILLE,Hospitals of Marseille,Hospitals of Marseille
2007-002041-20,ASSISTANCE PUBLIQUE - HOPITAUX DE PARIS (AP-HP),Hospitals of Paris,Hospitals of Paris
2008-002380-14,ASSISTANCE PUBLIQUE - HOPITAUX DE PARIS (AP-HP),Hospitals of Paris,Hospitals of Paris
2009-017293-20,ASSISTANCE PUBLIQUE - HOPITAUX DE PARIS (AP-HP),Hospitals of Paris,Hospitals of Paris
2010-019441-26,ASSISTANCE PUBLIQUE - HOPITAUX DE PARIS (AP-HP),Hospitals of Paris,Hospitals of Paris
2010-020047-12,ASSISTANCE PUBLIQUE - HOPITAUX DE PARIS (AP-HP),Hospitals of Paris,Hospitals of Paris
2011-000989-35,ASSISTANCE PUBLIQUE - HOPITAUX DE PARIS (AP-HP),Hospitals of Paris,Hospitals of Paris
2011-002228-42,ASSISTANCE PUBLIQUE - HOPITAUX DE PARIS (AP-HP),Hospitals of Paris,Hospitals of Paris
2011-002261-38,ASSISTANCE PUBLIQUE - HOPITAUX DE PARIS (AP-HP),Hospitals of Paris,Hospitals of Paris
2011-003309-12,ASSISTANCE PUBLIQUE - HOPITAUX DE PARIS (AP-HP),Hospitals of Paris,Hospitals of Paris
2011-004221-28,ASSISTANCE PUBLIQUE - HOPITAUX DE PARIS (AP-HP),Hospitals of Paris,Hospitals of Paris
2011-004372-11,ASSISTANCE PUBLIQUE - HOPITAUX DE PARIS (AP-HP),Hospitals of Paris,Hospitals of Paris
2011-005029-31,ASSISTANCE PUBLIQUE - HOPITAUX DE PARIS (AP-HP),Hospitals of Paris,Hospitals of Paris
2013-004322-28,ASSISTANCE PUBLIQUE - HOPITAUX DE PARIS (AP-HP),Hospitals of Paris,Hospitals of Paris
2014-001538-28,ASSISTANCE PUBLIQUE - HOPITAUX DE PARIS (AP-HP),Hospitals of Paris,Hospitals of Paris
2014-001740-38,ASSISTANCE PUBLIQUE - HOPITAUX DE PARIS (AP-HP),Hospitals of Paris,Hospitals of Paris
2014-002710-23,ASSISTANCE PUBLIQUE - HOPITAUX DE PARIS (AP-HP),Hospitals of Paris,Hospitals of Paris
2014-003436-39,ASSISTANCE PUBLIQUE - HOPITAUX DE PARIS (AP-HP),Hospitals of Paris,Hospitals of Paris
2014-005264-14,ASSISTANCE PUBLIQUE - HOPITAUX DE PARIS (AP-HP),Hospitals of Paris,Hospitals of Paris
2014-005585-30,ASSISTANCE PUBLIQUE - HOPITAUX DE PARIS (AP-HP),Hospitals of Paris,Hospitals of Paris
2015-002232-41,ASSISTANCE PUBLIQUE - HOPITAUX DE PARIS (AP-HP),Hospitals of Paris,Hospitals of Paris
2015-002477-38,ASSISTANCE PUBLIQUE - HOPITAUX DE PARIS (AP-HP),Hospitals of Paris,Hospitals of Paris
2015-002734-41,ASSISTANCE PUBLIQUE - HOPITAUX DE PARIS (AP-HP),Hospitals of Paris,Hospitals of Paris
2016-000649-30,ASSISTANCE PUBLIQUE - HOPITAUX DE PARIS (AP-HP),Hospitals of Paris,Hospitals of Paris
2016-002324-92,ASSISTANCE PUBLIQUE - HOPITAUX DE PARIS (AP-HP),Hospitals of Paris,Hospitals of Paris
2017-002050-36,ASSISTANCE PUBLIQUE - HOPITAUX DE PARIS (AP-HP),Hospitals of Paris,Hospitals of Paris
2006-001652-12,Icagen Inc.,"Icagen, Inc.",Pfizer
2006-000096-16,Incyte Corporation,Incyte Corporation,Incyte Corporation
2016-004289-25,Incyte Corporation,Incyte Corporation,Incyte Corporation
2017-000970-12,Incyte Corporation,Incyte Corporation,Incyte Corporation
2017-001710-28,Incyte Corporation,Incyte Corporation,Incyte Corporation
2017-001841-28,Incyte Corporation,Incyte Corporation,Incyte Corporation
2017-002259-26,Incyte Corporation,Incyte Corporation,Incyte Corporation
2007-003913-15,Medical University Innsbruck,Innsbruck Medical University,Innsbruck Medical University
2017-002429-39,Medical University Innsbruck,Innsbruck Medical University,Innsbruck Medical University
2015-005464-42,Gustave Roussy,Institut Gustave Roussy,Institut Gustave Roussy
2017-001606-14,Gustave Roussy,Institut Gustave Roussy,Institut Gustave Roussy
2016-003102-14,Institut für Frauengesundheit GmbH,Institut für Frauengesundheit GmbH,Institut für Frauengesundheit GmbH
2013-005095-18,The Institute of Cancer Research,Institute of Cancer Research,Institute of Cancer Research
2017-000508-92,The Institute of Cancer Research,Institute of Cancer Research,Institute of Cancer Research
2016-003796-22,IFCT,Intergroupe Francophone de Cancérologie Thoracique (IFCT),Intergroupe Francophone de Cancérologie Thoracique (IFCT)
2017-002165-21,Ionis Pharmaceuticals Inc.,Ionis Pharmaceuticals,Ionis Pharmaceuticals
2017-003197-13,"Ionis Pharmaceuticals, Inc.",Ionis Pharmaceuticals,Ionis Pharmaceuticals
2017-001191-30,"Ironwood Pharmaceuticals, Inc.","Ironwood Pharmaceuticals, Inc.","Ironwood Pharmaceuticals, Inc."
2017-000225-12,Janssen Biologics BV,Janssen,Johnson & Johnson
2016-001205-16,Janssen-Cilag International N.V.,Janssen,Johnson & Johnson
2017-000206-38,Janssen-Cilag International N.V.,Janssen,Johnson & Johnson
2017-002611-34,Janssen-Cilag International N.V.,Janssen,Johnson & Johnson
2015-005282-22,Janssen-Cilag International NV,Janssen,Johnson & Johnson
2016-002095-26,Janssen-Cilag International NV,Janssen,Johnson & Johnson
2016-004422-42,Janssen-Cilag International NV,Janssen,Johnson & Johnson
2016-004550-15,Janssen-Cilag International NV,Janssen,Johnson & Johnson
2016-005223-88,Janssen-Cilag International NV,Janssen,Johnson & Johnson
2017-001862-56,Janssen-Cilag International NV,Janssen,Johnson & Johnson
2017-004316-18,Jazz Pharmaceuticals,Jazz Pharmaceuticals Inc.,Jazz Pharmaceuticals Inc.
2017-002634-24,Karolinska Institutet,Karolinska Institutet,Karolinska Institutet
2012-002328-34,KEDRION S.P.A,Kedrion SpA,Kedrion SpA
2016-003867-21,LEO Pharma A/S,LEO Pharma A/S,LEO Pharma A/S
2017-002720-24,LEO Pharma A/S,LEO Pharma A/S,LEO Pharma A/S
2017-002668-42,Laboratoires SMB S.A.,Laboratoires SMB S.A.,Laboratoires SMB S.A.
2017-003330-91,Laboratoires SMB S.A.,Laboratoires SMB S.A.,Laboratoires SMB S.A.
2017-003285-27,Laboratoires Thea,Laboratoires Théa,Laboratoires Théa
2017-001954-32,LUMC,Leiden University,Leiden University
2017-003331-10,Leiden University,Leiden University,Leiden University
2017-000039-16,Leiden University Medical Center,Leiden University,Leiden University
2017-001037-72,Leiden University Medical Center,Leiden University,Leiden University
2007-002463-27,Lybar a.s.,Lybar a.s.,Lybar a.s.
2005-003387-28,Medice Arzneimittel Pütter GmbH  & Co. KG,MEDICE Arzneimittel Pütter GmbH & Co. KG,MEDICE Arzneimittel Pütter GmbH & Co. KG
2017-003365-99,Maastricht University,Maastricht University,Maastricht University
2012-001149-42,Medical Centre Haaglanden,Medical Centre Haaglanden,Medical Centre Haaglanden
2017-003714-68,Medical University of Vienna,Medical University of Vienna,Medical University of Vienna
2015-001878-18,"Merck Sharp & Dohme Corp., a subsidiary of Merck & Co., Inc.",Merck,Merck
2015-003006-16,"Merck Sharp & Dohme Corp., a subsidiary of Merck & Co., Inc.",Merck,Merck
2017-000070-11,"Merck Sharp & Dohme Corp., a subsidiary of Merck & Co., Inc.",Merck,Merck
2017-000187-15,"Merck Sharp & Dohme Corp., a subsidiary of Merck & Co., Inc.",Merck,Merck
2017-000188-33,"Merck Sharp & Dohme Corp., a subsidiary of Merck & Co., Inc.",Merck,Merck
2009-017971-10,"Schering-Plough Research Institute, a Division of Schering Corporation",Merck,Merck
2009-018038-12,"Schering-Plough Research Institute, a Division of Schering Corporation",Merck,Merck
2017-000565-76,"Merrimack Pharmaceuticals, Inc.","Merrimack Pharmaceuticals, Inc.","Merrimack Pharmaceuticals, Inc."
2017-001588-19,Myovant Sciences GmbH,Myovant Sciences GmbH,Myovant Sciences GmbH
2016-003543-11,Nektar Therapeutics,Nektar Therapeutics,Nektar Therapeutics
2016-004223-23,Novimmune SA,NovImmune S.A.,NovImmune S.A.
2014-003666-25,NOVARTIS PHARMA S.A.S,Novartis,Novartis
2017-001765-25,Novartis,Novartis,Novartis
2017-001766-25,Novartis,Novartis,Novartis
2017-000736-33,Novartis Farmacéutica S.A.,Novartis,Novartis
2016-002529-12,"Novartis Farmacéutica, S.A.",Novartis,Novartis
2014-001795-53,Novartis Pharma AG,Novartis,Novartis
2015-004015-20,Novartis Pharma AG,Novartis,Novartis
2016-001411-20,Novartis Pharma AG,Novartis,Novartis
2017-000241-49,Novartis Pharma AG,Novartis,Novartis
2017-000679-10,Novartis Pharma AG,Novartis,Novartis
2017-000706-37,Novartis Pharma AG,Novartis,Novartis
2017-001273-16,Novartis Pharma AG,Novartis,Novartis
2017-002046-71,Novartis Pharma AG,Novartis,Novartis
2017-003099-30,Novartis Pharma AG,Novartis,Novartis
2012-000137-39,Novartis Pharma S.A.S,Novartis,Novartis
2010-022831-12,Novartis Pharma S.A.S.,Novartis,Novartis
2010-023315-34,Novartis Pharma S.A.S.,Novartis,Novartis
2012-005183-94,Novartis Pharma S.A.S.,Novartis,Novartis
2015-003008-22,Novartis Pharma Services AG,Novartis,Novartis
2015-003736-13,Novartis Pharmaceuticals,Novartis,Novartis
2004-000195-13,Novartis Vaccines and Diagnostics,Novartis Vaccines,GlaxoSmithKline
2017-002014-31,Novo Nordisk A/S,Novo Nordisk,Novo Nordisk
2017-002579-25,ObsEva SA,ObsEva SA,ObsEva SA
2017-001844-36,Odense University Hospital,Odense University Hospital,Odense University Hospital
2017-002057-11,Omeros Corporation,Omeros Corporation,Omeros Corporation
2017-003560-13,"On Target Laboratories, LLC","On Target Laboratories , LLC","On Target Laboratories , LLC"
2013-002896-17,Orthopädisches Spital Speising,Orthopädisches Spital Speising,Orthopädisches Spital Speising
2010-023235-41,PARI Pharma GmbH,PARI Pharma GmbH,PARI Pharma GmbH
2014-004897-40,PHARM – Pharmaceutical Research Management srl,PHARM – Pharmaceutical Research Management srl,PHARM – Pharmaceutical Research Management srl
2012-000856-33,Institut Pasteur,Pasteur Institute,Pasteur Institute
2005-003146-33,Pfizer AB,Pfizer,Pfizer
2017-000128-81,"Pfizer Inc., 235 East 42nd Street, New York, New York",Pfizer,Pfizer
2006-006204-11,Wyeth Research Division of Wyeth Pharmaceuticals Inc.,Pfizer,Pfizer
2017-002452-87,Pharmacosmos A/S,Pharmacosmos A/S,Pharmacosmos A/S
2017-000129-12,Pharmacyclics LLC,Pharmacyclics LLC,Abbott/Abbvie
2010-023488-16,PIERRE FABRE DERMATOLOGIE represented by INSTITUT DE RECHERCHE PIERRE FABRE,Pierre Fabre S.A.,Pierre Fabre S.A.
2017-001842-82,PIERRE FABRE MEDICAMENT,Pierre Fabre S.A.,Pierre Fabre S.A.
2015-004233-27,FONDAZIONE IRCCS CA' GRANDA OSPEDALE MAGGIORE POLICLINICO,Policlinico of Milan,Policlinico of Milan
2007-005702-49,Procter & Gamble Pharmaceuticals,Proctor & Gamble,Proctor & Gamble
2017-002175-25,Profil Institut für Stoffwechselforschung GmbH,Profil,Profil
2017-001528-23,Protalix Ltd.,Protalix,Protalix
2014-002306-21,Hôpital Universitaire Des Enfants Reine Fabiola,Queen Fabiola Children's University Hospital,Queen Fabiola Children's University Hospital
2017-003240-20,Center for Translational & Clinical Research Aachen (CTC-A),RWTH Aachen University,RWTH Aachen University
2016-004542-28,Radboud University Medical Center,Radboud University,Radboud University
2017-001376-28,Radboud University Medical Center,Radboud University,Radboud University
2017-002959-29,Radboud university medical center,Radboud University,Radboud University
2016-005020-29,"Regeneron Pharmaceuticals, Inc.",Regeneron Pharmaceuticals Inc.,Regeneron Pharmaceuticals Inc.
2004-005207-15,Region Skåne,Region Skåne,Region Skåne
2016-000606-11,Region Ostergotland,Region Östergötland,Region Östergötland
2016-004455-78,Region Östergötland,Region Östergötland,Region Östergötland
2016-001955-29,"Retrophin, Inc.","Retrophin, Inc.","Retrophin, Inc."
2017-003568-10,ReveraGen BioPharma Inc.,"ReveraGen BioPharma, Inc.","ReveraGen BioPharma, Inc."
2014-005327-27,Robugen GmbH,Robugen GmbH,Robugen GmbH
2017-000794-37,F. Hoffman-La Roche Ltd.,Roche,Roche
2017-000830-68,F. Hoffman-La Roche Ltd.,Roche,Roche
2016-002480-34,F. Hoffmann-La Roche Ltd,Roche,Roche
2017-001548-36,Roche Farma S.A. (Soc.unipersonal)que realiza el ensayo en España y que actúa como representante de F.Hoffmann- La Roche,Roche,Roche
2017-001409-34,Roche Farma S.A.U. que realiza el ensayo en España y que actúa como representante de F.Hoffmann-La Roche Ltd.,Roche,Roche
2015-004526-33,Royal College of Surgeons in Ireland,Royal College of Surgeons in Ireland,Royal College of Surgeons in Ireland
2011-004458-25,Sanofi Pasteur MSD,Sanofi Pasteur MSD,Sanofi Pasteur MSD
2016-000629-38,SANOFI-AVENTIS RECHERCHE ET DEVELOPPEMENT,Sanofi S.A.,Sanofi S.A.
2017-002644-32,SANOFI-AVENTIS RECHERCHE ET DEVELOPPEMENT,Sanofi S.A.,Sanofi S.A.
2016-001804-43,Sanofi-aventis Recherche & Développement,Sanofi S.A.,Sanofi S.A.
2016-004889-26,Sanofi-aventis Recherche & Développement,Sanofi S.A.,Sanofi S.A.
2017-001940-37,Sanofi-aventis recherche & développement,Sanofi S.A.,Sanofi S.A.
2017-002238-21,Sanofi-aventis recherche & développement,Sanofi S.A.,Sanofi S.A.
2017-001697-42,Schülke & Mayr GmbH,Schülke,Schülke
2016-001898-32,Seqirus UK Limited,Seqirus GmbH,CSL Behring
2017-002459-27,Institut de Recherches Internationales Servier,Servier Laboratories,Servier Laboratories
2016-003020-23,Shionogi Ltd.,Shionogi Inc.,Shionogi Inc.
2017-000572-28,"Shire Human Genetic Therapies, Inc.",Shire,Shire
2017-000573-37,"Shire Human Genetic Therapies, Inc.",Shire,Shire
2017-000574-11,"Shire Human Genetic Therapies, Inc.",Shire,Shire
2017-000599-27,"Shire Human Genetic Therapies, Inc.",Shire,Shire
2007-006044-22,"Shire Human Genetic Therapies, Inc. (Shire HGT)",Shire,Shire
2004-004443-22,Spirig Pharma AG,Spirig Pharma AG,Nestle
2017-003411-19,Fakultní nemocnice u sv. Anny v Brně,St. Anne's University Hospital Brno,St. Anne's University Hospital Brno
2011-004417-16,St. Elisabeth Hospital,St. Elisabeth Ziekenhuis,St. Elisabeth Ziekenhuis
2010-020079-22,STALLERGENES S.A.,Stallergenes Greer,Stallergenes Greer
2017-002101-35,Sten Madsbad,Sten Madsbad,Sten Madsbad
2007-002182-12,Stiefel Laboratories,Stiefel Laboratories,GlaxoSmithKline
2005-000704-14,Stiefel Laboratories International Division,Stiefel Laboratories,GlaxoSmithKline
2005-002471-32,Stiefel Laboratories Maidenhead Ltd (commonly known as Stiefel International R&D),Stiefel Laboratories,GlaxoSmithKline
2014-003893-17,"SAKK, Swiss Group for Clinical Cancer Research",Swiss Group for Clinical Cancer Reaserch (SAKK),Swiss Group for Clinical Cancer Reaserch (SAKK)
2016-000485-34,"TRACON Pharmaceuticals, Inc.","TRACON Pharmaceuticals, Inc.","TRACON Pharmaceuticals, Inc."
2017-002182-21,"Takeda Development Centre Europe, Ltd.",Takeda,Takeda
2017-002231-41,"Takeda Development Centre Europe, Ltd.",Takeda,Takeda
2004-001653-28,The Leeds teaching Hospitals NHS trust,The Leeds Teaching Hospitals NHS Trust,The Leeds Teaching Hospitals NHS Trust
2017-001846-90,The Medicines Company,The Medicines Company,The Medicines Company
2017-002472-30,The Medicines Company,The Medicines Company,The Medicines Company
2004-000290-58,SCHWARZ BIOSCIENCES GmbH,UCB,UCB
2017-001002-15,UCB BIOSCIENCES GmbH,UCB,UCB
2017-001003-74,UCB Biopharma SPRL,UCB,UCB
2017-002972-15,Uni-Pharma Kleon Tsetis Pharmaceutical Laboratories S.A.,UNI-PHARMA SA,UNI-PHARMA SA
2016-004198-41,University College Dublin,University College Dublin,University College Dublin
2010-023502-12,University College London,University College London,University College London
2016-004505-13,University Hospital Tuebingen,University Hospital Tübingen,University Hospital Tübingen
2015-003293-32,Academic Medical Center,University of Amsterdam,University of Amsterdam
2016-002691-27,Academic Medical Center,University of Amsterdam,University of Amsterdam
2017-001397-41,Antwerp University Hospital,University of Antwerp,University of Antwerp
2010-024212-33,CHU de BORDEAUX,University of Bordeaux,University of Bordeaux
2012-004586-41,CHU de Bordeaux,University of Bordeaux,University of Bordeaux
2011-003784-30,CHU de bordeaux,University of Bordeaux,University of Bordeaux
2016-001628-72,Medical Center - University of Freiburg,University of Freiburg,University of Freiburg
2016-000214-30,Universitätsklinikum Freiburg,University of Freiburg,University of Freiburg
2017-000867-34,UMCG,University of Groningen,University of Groningen
2017-001090-16,University Medical Center Groningen,University of Groningen,University of Groningen
2017-001929-40,University Medical Center Groningen,University of Groningen,University of Groningen
2017-001977-18,University Medical Center Groningen,University of Groningen,University of Groningen
2009-009278-29,UZ Leuven,University of Leuven,University of Leuven
2014-004641-27,UZLeuven,University of Leuven,University of Leuven
2016-003537-18,Akershus University Hospital,University of Oslo,University of Oslo
2016-003700-31,Oslo University Hospital,University of Oslo,University of Oslo
2016-004739-19,Oslo University Hospital,University of Oslo,University of Oslo
2017-000586-72,Oslo University Hospital,University of Oslo,University of Oslo
2013-005336-23,University of Oxford,University of Oxford,University of Oxford
2016-002267-33,University of Oxford,University of Oxford,University of Oxford
2016-005031-32,Tampere University Hospital,University of Tampere,University of Tampere
2017-002185-51,Tampere University Hospital,University of Tampere,University of Tampere
2017-002254-37,Tampere University Hospital,University of Tampere,University of Tampere
2013-001189-40,University of Tartu,University of Tartu,University of Tartu
2016-003622-16,Turku University Hospital,University of Turku,University of Turku
2016-002019-16,Uppsala Clinical Research center,Uppsala University/Uppsala County Council,Uppsala University/Uppsala County Council
2016-005086-31,University Medical Center Utrecht (UMCU),Utrecht University,Utrecht University
2014-001912-20,"University Medical Center Utrecht, The Netherlands",Utrecht University,Utrecht University
2016-004486-37,University Medical Centre Utrecht,Utrecht University,Utrecht University
2017-001983-39,University Medical Centre Utrecht,Utrecht University,Utrecht University
2015-005765-23,VU Medical Centre,VU University Medical Centre,VU University Medical Centre
2016-003819-36,VU Medical Centre,VU University Medical Centre,VU University Medical Centre
2011-004495-12,VU University Medical center,VU University Medical Centre,VU University Medical Centre
2017-002636-16,VU University medical center Amsterdam,VU University Medical Centre,VU University Medical Centre
2015-001267-39,Vertex Pharmaceuticals Incorporated,"Vertex Pharmaceuticals, Inc.","Vertex Pharmaceuticals, Inc."
2017-000540-18,Vertex Pharmaceuticals Incorporated,"Vertex Pharmaceuticals, Inc.","Vertex Pharmaceuticals, Inc."
2017-000797-11,Vertex Pharmaceuticals Incorporated,"Vertex Pharmaceuticals, Inc.","Vertex Pharmaceuticals, Inc."
2015-004251-47,UZ Brussel,Vrije Universiteit Brussel,Vrije Universiteit Brussel
2016-003673-18,UZ Brussel,Vrije Universiteit Brussel,Vrije Universiteit Brussel
2016-004558-13,Zambon S.p.A.,Zambon,Zambon
2017-002119-33,ZonMW,ZonMW,ZonMW
2016-002313-22,ADVICENNE PHARMA SA,,
2017-002258-36,ALFASIGMA S.P.A.,,
2012-000184-24,ANTONIO JEREZ CALERO,,
2017-002024-24,Aarhus Unversity Hospital,,
2016-004749-10,Adare Pharmaceutical,,
2017-002727-24,Alcon Research,,
2017-002728-26,Alcon Research,,
2017-003841-39,Alcon Research,,
2017-000822-37,Asarina Pharma,,
2005-003279-18,"Barncancerforskningsenheten, Astrid Lindgrens Barnsjukhus",,
2016-004386-12,Besins Healthcare Ltd.,,
2017-003538-10,Bioverativ USA Inc.,,
2017-003539-12,Bioverativ USA Inc.,,
2016-002971-91,Boehringer Ingelheim Norway KS,,
2017-001087-38,CHU Amiens-Picardie,,
2016-001788-34,Center for Translational and Clinical Research (CTC-A),,
2015-000955-25,Centre Hospitalier Régional Universitaire de Nancy,,
2010-018301-11,Centre chirurgical Marie Lannelongue,,
2008-008689-11,Children's Memorial Health Institute,,
2016-003059-31,ContraFect Corporation,,
2016-002720-91,CyTuVax BV,,
2015-002838-46,DS Biopharma,,
2016-000979-24,Daiichi Sankyo Italia SpA,,
2015-002150-12,"Danish Society of Cardiology, Heart Failure Working Group",,
2006-003075-12,Department Of Paediatric Cardiology,,
2017-002604-27,"Department of Clinical Physiology, Nuclear Medicin and PET",,
2017-003193-14,"Department of Ophthalmology, MUW",,
2010-022046-25,"Department of Pediatric Gastroenterology, Academic Medical Centre",,
2006-001201-28,"Department of \nGynaecology, Helse Finnmark, Klinikk \nHammerfest",,
2014-002465-30,Dip. Pediatria UOC Gastroenterologia ed Epatologia Pediatrica,,
2017-002666-47,"Dpt. of Ophthalmology, Rigshospitalet-Glostrup",,
2016-000740-34,Dr. Borja Maroto Rodríguez,,
2017-002334-23,Dutch Breast Cancer Research Group (BOOG),,
2017-001834-25,ECRI-9,,
2017-002170-39,Eksote,,
2016-004299-24,Erasmus MC Kanker Instituut,,
2017-001466-21,Erasmus MC University Medical Center,,
2015-004717-25,FONDAZIONE PER LA RICERCA OSPEDALE MAGGIORE DI BERGAMO - FROM,,
2017-000047-41,"Faraday Pharmaceuticals, Inc.",,
2016-004342-28,Flamel Ireland Ltd trading under the business name Avadel Ireland,,
2005-003023-40,Food Standards Agency,,
2017-000975-10,Fundación Investigación Biomédica Hospital Universitario Puerta de Hierro Majadahonda,,
2013-003303-18,Gedeon Richter Polska Sp. z o. o.,,
2015-001208-80,Grenoble University Hospital,,
2016-002981-29,Groupement des Hôpitaux de l’Institut Catholique de Lille,,
2017-000947-41,Groupement des Hôpitaux de l’Institut Catholique de Lille,,
2015-000202-20,Groupement des Hôpitaux de l’Institut Catholique de Lille (GHICL),,
2017-002137-32,Hans-Gustaf Ljunggren,,
2017-000304-14,Heinrich-Heine-University Düsseldorf,,
2015-004175-73,Herantis Pharma Plc,,
2016-004991-23,IBSAL (Instituto de Investigación Biomédica de Salamanca)-Fundación Instituto de Estudios de Ciencias de la Salud de,,
2017-000391-28,INSTITUTO DE ESTUDIOS DE CIENCIAS DE LA SALUD DE CASTILLA Y LEON,,
2015-005780-16,IRCCS Bambino Gesù Children's Hospital,,
2014-001751-23,IRCCS Burlo Garofolo,,
2014-002215-42,IRCCS Burlo Garofolo,,
2013-001056-35,IRCCS Istituto Giannina Gaslini,,
2016-003457-15,Icelandic Heart Association,,
2016-004989-25,Incyte Biosciences International Sàrl,,
2010-021134-66,Institut Jerome Lejeune,,
2017-001673-17,Integrative Research Laboratories AB,,
2017-000760-15,"Iovance Biotherapeutics, Inc.",,
2004-001130-16,J. URIACH & COMPAÑIA,,
2017-001345-27,Janssen Vaccines and Prevention B.V.,,
2016-003568-38,Johann Wolfgang Goethe-University Frankfurt am Main,,
2008-005571-10,Kennedy Krieger Inst. Johns Hopkins Medicine,,
2015-004536-35,Kinder- und Jugendkrankenhaus AUF DER BULT,,
2017-001357-14,Klinikum der Universität München - AöR verteten durch den Vorstand des Bereiches Humanmedizin,,
2016-004662-25,Krakowski Szpital Specjalistyczny im. Jana Pawła II,,
2017-004082-27,LLC Novartis Pharma,,
2004-001404-12,"Laboratorios Rubió, S.A.",,
2016-003208-30,Legacy Healthcare (France) SAS,,
2017-001778-40,Leonor Cuadra Llopart,,
2016-001642-26,"Leuven Research & Development (LRD) at University of Leuven, Belgium",,
2016-000106-11,Limoges Hospital,,
2017-001945-29,"Linköping University, Department of clical and Experimental Medicine",,
2017-002368-42,Lument AB,,
2017-001264-38,Masaryk Memorial Cancer Institute,,
2005-001438-34,McNeil Consumer and Specialty Pharmaceuticals,,
2017-000703-24,Medical University of Vienna; Department of Surgery; Division of Transplantation,,
2016-003232-21,"Medizinische Universität Graz, Univers. Augenklinik",,
2016-004990-42,"Medizinische Universität Wien, Universitätsklinik für Innere Medizin III, Klinische Abteilung für Rheumatologie",,
2009-012978-12,"Merck Serono, an affiliate of E. Merck AB",,
2016-004364-20,"Merck Sharp & Dohme Corp.,a subsidiary of Merck & Co.,Inc.",,
2016-004742-28,"Millennium Pharmaceuticals, Inc, a wholly owned subsidiary of Takeda",,
2017-003003-22,Mogens Brouw Jørgensen,,
2008-000083-17,Nederlands Vaccin Instituut,,
2017-002009-37,"Neuroanæstesiologisk Klinik, RH/Glostrup",,
2017-002766-50,NextCell Pharma,,
2016-001826-33,NoNO Inc.,,
2017-000878-11,OCTIMET Oncology NV,,
2017-002293-39,ORIOL BESTARD,,
2014-001089-90,"Oriel Therapeutics, a Sandoz Company",,
2017-002838-23,Oryzon Genomics S. A,,
2009-012667-34,Oslo University Hospital - Ullevål,,
2017-002910-29,PHARMATHEN,,
2016-004191-22,Palleos healthcare GmbH,,
2010-019863-12,Paris Descartes - Laboratoire Psychologie Clinique et Psychopathologie,,
2017-000645-48,Prof. Ritva Tikkanen,,
2016-002385-31,"Professor Peter Humaidan, The Fertility Clinic Skive",,
2017-002927-68,Prometic Biotherapeutics Ltd,,
2004-003816-47,"Pädiatrische Endokrinologie, Universitätsmedizin Berlin, Charité",,
2005-003287-28,Queen Silvia's Childrens hospital,,
2005-005197-78,"Queen's Medical Centre, Nottingham, University Hospital NHS Trust,",,
2016-003902-14,"RWTH Aachen University, represented by the Clinical Trial Center (CTC-A)",,
2008-008246-20,"Radboud University Nijmegen Medical Center, Department of Anaesthesiology, Pain and Palliative Medic",,
2015-000500-26,Rapidscan Pharma Solutions EU Ltd (RPS EU Ltd),,
2016-004691-22,Rechon Life Science AB,,
2017-001764-37,"Roche Farma, S.A por delegación de Genentech, Inc.",,
2013-003731-29,"SSE, Nevroklinikken, Oslo Universitetssykehus",,
2017-000292-83,Servier Deutschland GmbH,,
2016-004353-32,Spanish Lung Cancer Group (SLCG/GECP),,
2006-006469-17,"St Olavs Hospital, University Hospital of Trondheim",,
2017-002055-28,Synektik Spółka Akcyjna,,
2014-000360-17,TARGEON,,
2017-000152-26,Technische Universitaet Muenchen School for Medicine,,
2017-003088-36,"Technische Universität München, Represented by the school of medicine",,
2017-003467-34,Terveyden ja hyvinvoinnin laitos (THL),,
2017-003529-13,Thomas Benfield,,
2017-003036-37,Tirol Kliniken GmbH,,
2010-018781-23,Top Institute Food and Nutrition,,
2017-000957-37,UCB BIOSCIENCES SPRL,,
2004-001928-20,UCB Pharma Belgium,,
2017-001300-30,"UK für Anästhesieologie, Gemeinn. Sbg. Landeskliniken BetriebsgesmbH",,
2017-001679-22,Univeristy Medical Center Groningen,,
2017-002095-10,"Universitetsklinik for Nyresygdomme og Blodtryksforhøjelse, Regionshospitalet Holstebro; Hospitalsenheden Vest",,
2017-002096-26,"Universitetsklinik for Nyresygdomme og Blodtryksforhøjelse, Regionshospitalet Holstebro; Hospitalsenheden Vest",,
2017-001192-23,"University Health Network, Toronto",,
2017-000435-13,"University Hospital Frankfurt for its Dermatology Department, Clinical Research",,
2007-005986-36,University of Bergen,,
2010-019712-20,"University of Oslo, Institute of Clinical Dentistry",,
2017-002849-30,University of Pennsylvania,,
2005-004151-35,Universität Heidelberg,,
2016-002001-19,VHIO,,
2013-004009-25,ValiRx plc,,
2016-002528-10,Vestfold Hospital Trust,,
2017-003425-15,"Videncenter for Reumatologi og Rygsygdomme, Rigshospitalet",,
2017-002760-41,institute de Recherches Internacionales Servier (promotor internacional),,
2017-001769-26,mAbxience Research SL,,
2017-000145-40,montserrat zamora brito,,
2006-005533-38,there is no sponsor.,,
2015-003019-39,,,
